"HtmlFile","CssHref","Note"
"C:\Users\guenther.siegert\Documents\0006_All_Access_KNOWLEDGE\04_HTML_Forms\forms3\frm_Abwesenheiten.html","consys-common.css",""
"C:\Users\guenther.siegert\Documents\0006_All_Access_KNOWLEDGE\04_HTML_Forms\forms3\frm_Abwesenheiten.html","css/app-layout.css",""
"C:\Users\guenther.siegert\Documents\0006_All_Access_KNOWLEDGE\04_HTML_Forms\forms3\frm_Abwesenheiten.html","css/fonts_override.css",""
"C:\Users\guenther.siegert\Documents\0006_All_Access_KNOWLEDGE\04_HTML_Forms\forms3\frm_Abwesenheiten.html","theme/consys_theme.css",""
"C:\Users\guenther.siegert\Documents\0006_All_Access_KNOWLEDGE\04_HTML_Forms\forms3\frm_abwesenheitsuebersicht.html","css/fonts_override.css",""
"C:\Users\guenther.siegert\Documents\0006_All_Access_KNOWLEDGE\04_HTML_Forms\forms3\frm_Angebot.html","css/fonts_override.css",""
"C:\Users\guenther.siegert\Documents\0006_All_Access_KNOWLEDGE\04_HTML_Forms\forms3\frm_Ausweis_Create.html","consys-common.css",""
"C:\Users\guenther.siegert\Documents\0006_All_Access_KNOWLEDGE\04_HTML_Forms\forms3\frm_Ausweis_Create.html","css/app-layout.css",""
"C:\Users\guenther.siegert\Documents\0006_All_Access_KNOWLEDGE\04_HTML_Forms\forms3\frm_Ausweis_Create.html","css/fonts_override.css",""
"C:\Users\guenther.siegert\Documents\0006_All_Access_KNOWLEDGE\04_HTML_Forms\forms3\frm_Ausweis_Create.html","theme/consys_theme.css",""
"C:\Users\guenther.siegert\Documents\0006_All_Access_KNOWLEDGE\04_HTML_Forms\forms3\frm_DP_Dienstplan_MA.html","consys-common.css",""
"C:\Users\guenther.siegert\Documents\0006_All_Access_KNOWLEDGE\04_HTML_Forms\forms3\frm_DP_Dienstplan_MA.html","css/app-layout.css",""
"C:\Users\guenther.siegert\Documents\0006_All_Access_KNOWLEDGE\04_HTML_Forms\forms3\frm_DP_Dienstplan_MA.html","css/fonts_override.css",""
"C:\Users\guenther.siegert\Documents\0006_All_Access_KNOWLEDGE\04_HTML_Forms\forms3\frm_DP_Dienstplan_MA.html","theme/consys_theme.css",""
"C:\Users\guenther.siegert\Documents\0006_All_Access_KNOWLEDGE\04_HTML_Forms\forms3\frm_DP_Dienstplan_Objekt.html","consys-common.css",""
"C:\Users\guenther.siegert\Documents\0006_All_Access_KNOWLEDGE\04_HTML_Forms\forms3\frm_DP_Dienstplan_Objekt.html","css/app-layout.css",""
"C:\Users\guenther.siegert\Documents\0006_All_Access_KNOWLEDGE\04_HTML_Forms\forms3\frm_DP_Dienstplan_Objekt.html","css/fonts_override.css",""
"C:\Users\guenther.siegert\Documents\0006_All_Access_KNOWLEDGE\04_HTML_Forms\forms3\frm_DP_Dienstplan_Objekt.html","theme/consys_theme.css",""
"C:\Users\guenther.siegert\Documents\0006_All_Access_KNOWLEDGE\04_HTML_Forms\forms3\frm_DP_Einzeldienstplaene.html","consys-common.css",""
"C:\Users\guenther.siegert\Documents\0006_All_Access_KNOWLEDGE\04_HTML_Forms\forms3\frm_DP_Einzeldienstplaene.html","css/fonts_override.css",""
"C:\Users\guenther.siegert\Documents\0006_All_Access_KNOWLEDGE\04_HTML_Forms\forms3\frm_Einsatzuebersicht.html","css/fonts_override.css",""
"C:\Users\guenther.siegert\Documents\0006_All_Access_KNOWLEDGE\04_HTML_Forms\forms3\frm_KD_Kundenstamm.html","consys-common.css",""
"C:\Users\guenther.siegert\Documents\0006_All_Access_KNOWLEDGE\04_HTML_Forms\forms3\frm_KD_Kundenstamm.html","css/fonts_override.css",""
"C:\Users\guenther.siegert\Documents\0006_All_Access_KNOWLEDGE\04_HTML_Forms\forms3\frm_KD_Umsatzauswertung.html","css/fonts_override.css",""
"C:\Users\guenther.siegert\Documents\0006_All_Access_KNOWLEDGE\04_HTML_Forms\forms3\frm_KD_Verrechnungssaetze.html","consys-common.css",""
"C:\Users\guenther.siegert\Documents\0006_All_Access_KNOWLEDGE\04_HTML_Forms\forms3\frm_KD_Verrechnungssaetze.html","css/fonts_override.css",""
"C:\Users\guenther.siegert\Documents\0006_All_Access_KNOWLEDGE\04_HTML_Forms\forms3\frm_Kundenpreise_gueni.html","consys-common.css",""
"C:\Users\guenther.siegert\Documents\0006_All_Access_KNOWLEDGE\04_HTML_Forms\forms3\frm_Kundenpreise_gueni.html","css/app-layout.css",""
"C:\Users\guenther.siegert\Documents\0006_All_Access_KNOWLEDGE\04_HTML_Forms\forms3\frm_Kundenpreise_gueni.html","css/fonts_override.css",""
"C:\Users\guenther.siegert\Documents\0006_All_Access_KNOWLEDGE\04_HTML_Forms\forms3\frm_MA_Abwesenheit.html","consys-common.css",""
"C:\Users\guenther.siegert\Documents\0006_All_Access_KNOWLEDGE\04_HTML_Forms\forms3\frm_MA_Abwesenheit.html","css/fonts_override.css",""
"C:\Users\guenther.siegert\Documents\0006_All_Access_KNOWLEDGE\04_HTML_Forms\forms3\frm_MA_Adressen.html","css/fonts_override.css",""
"C:\Users\guenther.siegert\Documents\0006_All_Access_KNOWLEDGE\04_HTML_Forms\forms3\frm_MA_Mitarbeiterstamm.html","consys-common.css",""
"C:\Users\guenther.siegert\Documents\0006_All_Access_KNOWLEDGE\04_HTML_Forms\forms3\frm_MA_Mitarbeiterstamm.html","css/fonts_override.css",""
"C:\Users\guenther.siegert\Documents\0006_All_Access_KNOWLEDGE\04_HTML_Forms\forms3\frm_MA_Offene_Anfragen.html","consys-common.css",""
"C:\Users\guenther.siegert\Documents\0006_All_Access_KNOWLEDGE\04_HTML_Forms\forms3\frm_MA_Offene_Anfragen.html","css/app-layout.css",""
"C:\Users\guenther.siegert\Documents\0006_All_Access_KNOWLEDGE\04_HTML_Forms\forms3\frm_MA_Offene_Anfragen.html","css/fonts_override.css",""
"C:\Users\guenther.siegert\Documents\0006_All_Access_KNOWLEDGE\04_HTML_Forms\forms3\frm_MA_Offene_Anfragen.html","theme/consys_theme.css",""
"C:\Users\guenther.siegert\Documents\0006_All_Access_KNOWLEDGE\04_HTML_Forms\forms3\frm_MA_Serien_eMail_Auftrag.html","consys-common.css",""
"C:\Users\guenther.siegert\Documents\0006_All_Access_KNOWLEDGE\04_HTML_Forms\forms3\frm_MA_Serien_eMail_Auftrag.html","css/app-layout.css",""
"C:\Users\guenther.siegert\Documents\0006_All_Access_KNOWLEDGE\04_HTML_Forms\forms3\frm_MA_Serien_eMail_Auftrag.html","css/fonts_override.css",""
"C:\Users\guenther.siegert\Documents\0006_All_Access_KNOWLEDGE\04_HTML_Forms\forms3\frm_MA_Serien_eMail_Auftrag.html","theme/consys_theme.css",""
"C:\Users\guenther.siegert\Documents\0006_All_Access_KNOWLEDGE\04_HTML_Forms\forms3\frm_MA_Serien_eMail_dienstplan.html","consys-common.css",""
"C:\Users\guenther.siegert\Documents\0006_All_Access_KNOWLEDGE\04_HTML_Forms\forms3\frm_MA_Serien_eMail_dienstplan.html","css/app-layout.css",""
"C:\Users\guenther.siegert\Documents\0006_All_Access_KNOWLEDGE\04_HTML_Forms\forms3\frm_MA_Serien_eMail_dienstplan.html","css/fonts_override.css",""
"C:\Users\guenther.siegert\Documents\0006_All_Access_KNOWLEDGE\04_HTML_Forms\forms3\frm_MA_Serien_eMail_dienstplan.html","theme/consys_theme.css",""
"C:\Users\guenther.siegert\Documents\0006_All_Access_KNOWLEDGE\04_HTML_Forms\forms3\frm_MA_Tabelle.html","css/fonts_override.css",""
"C:\Users\guenther.siegert\Documents\0006_All_Access_KNOWLEDGE\04_HTML_Forms\forms3\frm_MA_VA_Positionszuordnung.html","consys-common.css",""
"C:\Users\guenther.siegert\Documents\0006_All_Access_KNOWLEDGE\04_HTML_Forms\forms3\frm_MA_VA_Positionszuordnung.html","css/app-layout.css",""
"C:\Users\guenther.siegert\Documents\0006_All_Access_KNOWLEDGE\04_HTML_Forms\forms3\frm_MA_VA_Positionszuordnung.html","css/fonts_override.css",""
"C:\Users\guenther.siegert\Documents\0006_All_Access_KNOWLEDGE\04_HTML_Forms\forms3\frm_MA_VA_Positionszuordnung.html","theme/consys_theme.css",""
"C:\Users\guenther.siegert\Documents\0006_All_Access_KNOWLEDGE\04_HTML_Forms\forms3\frm_MA_VA_Schnellauswahl.html","consys-common.css",""
"C:\Users\guenther.siegert\Documents\0006_All_Access_KNOWLEDGE\04_HTML_Forms\forms3\frm_MA_VA_Schnellauswahl.html","css/fonts_override.css",""
"C:\Users\guenther.siegert\Documents\0006_All_Access_KNOWLEDGE\04_HTML_Forms\forms3\frm_MA_Zeitkonten.html","consys-common.css",""
"C:\Users\guenther.siegert\Documents\0006_All_Access_KNOWLEDGE\04_HTML_Forms\forms3\frm_MA_Zeitkonten.html","css/app-layout.css",""
"C:\Users\guenther.siegert\Documents\0006_All_Access_KNOWLEDGE\04_HTML_Forms\forms3\frm_MA_Zeitkonten.html","css/design-system.css",""
"C:\Users\guenther.siegert\Documents\0006_All_Access_KNOWLEDGE\04_HTML_Forms\forms3\frm_MA_Zeitkonten.html","css/fonts_override.css",""
"C:\Users\guenther.siegert\Documents\0006_All_Access_KNOWLEDGE\04_HTML_Forms\forms3\frm_MA_Zeitkonten.html","theme/consys_theme.css",""
"C:\Users\guenther.siegert\Documents\0006_All_Access_KNOWLEDGE\04_HTML_Forms\forms3\frm_Menuefuehrung1.html","consys-common.css",""
"C:\Users\guenther.siegert\Documents\0006_All_Access_KNOWLEDGE\04_HTML_Forms\forms3\frm_Menuefuehrung1.html","css/fonts_override.css",""
"C:\Users\guenther.siegert\Documents\0006_All_Access_KNOWLEDGE\04_HTML_Forms\forms3\frm_N_Bewerber.html","css/fonts_override.css",""
"C:\Users\guenther.siegert\Documents\0006_All_Access_KNOWLEDGE\04_HTML_Forms\forms3\frm_OB_Objekt.html","consys-common.css",""
"C:\Users\guenther.siegert\Documents\0006_All_Access_KNOWLEDGE\04_HTML_Forms\forms3\frm_OB_Objekt.html","css/fonts_override.css",""
"C:\Users\guenther.siegert\Documents\0006_All_Access_KNOWLEDGE\04_HTML_Forms\forms3\frm_Rechnung.html","consys-common.css",""
"C:\Users\guenther.siegert\Documents\0006_All_Access_KNOWLEDGE\04_HTML_Forms\forms3\frm_Rechnung.html","css/fonts_override.css",""
"C:\Users\guenther.siegert\Documents\0006_All_Access_KNOWLEDGE\04_HTML_Forms\forms3\frm_Rueckmeldestatistik.html","consys-common.css",""
"C:\Users\guenther.siegert\Documents\0006_All_Access_KNOWLEDGE\04_HTML_Forms\forms3\frm_Rueckmeldestatistik.html","css/fonts_override.css",""
"C:\Users\guenther.siegert\Documents\0006_All_Access_KNOWLEDGE\04_HTML_Forms\forms3\frm_Systeminfo.html","consys-common.css",""
"C:\Users\guenther.siegert\Documents\0006_All_Access_KNOWLEDGE\04_HTML_Forms\forms3\frm_Systeminfo.html","css/fonts_override.css",""
"C:\Users\guenther.siegert\Documents\0006_All_Access_KNOWLEDGE\04_HTML_Forms\forms3\frm_va_Auftragstamm.html","consys-common.css",""
"C:\Users\guenther.siegert\Documents\0006_All_Access_KNOWLEDGE\04_HTML_Forms\forms3\frm_va_Auftragstamm.html","css/fonts_override.css",""
"C:\Users\guenther.siegert\Documents\0006_All_Access_KNOWLEDGE\04_HTML_Forms\forms3\frm_VA_Planungsuebersicht.html","css/fonts_override.css",""
"C:\Users\guenther.siegert\Documents\0006_All_Access_KNOWLEDGE\04_HTML_Forms\forms3\variante_shell\frm_MA_Mitarbeiterstamm_shell.html","../css/fonts_override.css",""
"C:\Users\guenther.siegert\Documents\0006_All_Access_KNOWLEDGE\04_HTML_Forms\forms3\variante_shell\frm_va_Auftragstamm_shell.html","../css/fonts_override.css",""
